Target,Mean,Nearest with target,Min loss 1,Min loss 2,Min loss 3,Optimized min loss 1,Optimized min loss 2,Optimized min loss 3
0.4000000059604645,0.4700477719306946,0.40675967931747437,0.3554636240005493,0.3764527440071106,0.3836175203323364,0.400004118680954,0.4207090139389038,0.4269881844520569
0.3103448152542114,0.2388797104358673,0.28708451986312866,0.29565298557281494,0.30063775181770325,0.26064640283584595,0.34084904193878174,0.3444053828716278,0.3085246980190277
