Target,Mean,Nearest with target,Min loss 1,Min loss 2,Min loss 3,Optimized min loss 1,Optimized min loss 2,Optimized min loss 3
0.800000011920929,0.6688462495803833,0.801844596862793,0.6475216150283813,0.5795184373855591,0.6566414833068848,0.6982258558273315,0.6305909752845764,0.7072542309761047
0.1034482792019844,0.13448366522789001,0.10237114131450653,0.1750461459159851,0.20507726073265076,0.10418198257684708,0.12177883088588715,0.16189789772033691,0.055100925266742706
