Target,Mean,Nearest with target,Min loss 1,Min loss 2,Min loss 3,Optimized min loss 1,Optimized min loss 2,Optimized min loss 3
0.20000000298023224,0.35963258147239685,0.27332836389541626,0.17714770138263702,0.20671556890010834,0.20887765288352966,0.14173564314842224,0.16459158062934875,0.1960456669330597
0.0,0.275217741727829,0.23837849497795105,0.42646366357803345,0.2889237105846405,0.25863733887672424,0.39239785075187683,0.3261866867542267,0.2901451885700226
