Target,Mean,Nearest with target,Min loss 1,Min loss 2,Min loss 3,Optimized min loss 1,Optimized min loss 2,Optimized min loss 3
1.0,0.7452532052993774,0.9521351456642151,0.847365140914917,0.8565965890884399,0.8130397796630859,0.8918418288230896,0.8989120721817017,0.8610863089561462
0.03448275849223137,0.12541471421718597,0.029470477253198624,0.003946855664253235,0.014020569622516632,0.08812430500984192,0.02073017694056034,0.025950683280825615,0.041796714067459106
