Target,Mean,Nearest with target,Min loss 1,Min loss 2,Min loss 3,Optimized min loss 1,Optimized min loss 2,Optimized min loss 3
0.4000000059604645,0.47093701362609863,0.43878915905952454,0.34978538751602173,0.3624804615974426,0.38806480169296265,0.30712568759918213,0.3232998549938202,0.3949032723903656
0.13793103396892548,0.22162945568561554,0.2223418653011322,0.2762329578399658,0.2864472270011902,0.2697804570198059,0.3202419579029083,0.33054786920547485,0.3042793869972229
