Target,Mean,Nearest with target,Min loss 1,Min loss 2,Min loss 3,Optimized min loss 1,Optimized min loss 2,Optimized min loss 3
1.0,0.7554665207862854,1.0154248476028442,0.7504816055297852,0.7417318820953369,0.7545581459999084,0.8083400130271912,0.7980589270591736,0.8090740442276001
0.1034482792019844,0.11424832046031952,0.04743102192878723,0.14502203464508057,0.13732615113258362,0.10498058050870895,0.08860890567302704,0.0809125006198883,0.05010657757520676
