Target,Mean,Nearest with target,Min loss 1,Min loss 2,Min loss 3,Optimized min loss 1,Optimized min loss 2,Optimized min loss 3
0.6000000238418579,0.5495959520339966,0.6257387399673462,0.4321880638599396,0.4002855122089386,0.3999116122722626,0.42381855845451355,0.40018728375434875,0.4001876413822174
0.1034482792019844,0.18611709773540497,0.1331741064786911,0.17772133648395538,0.2642560601234436,0.2643066942691803,0.22260597348213196,0.29753026366233826,0.29750004410743713
