Target,Mean,Nearest with target,Min loss 1,Min loss 2,Min loss 3,Optimized min loss 1,Optimized min loss 2,Optimized min loss 3
0.6000000238418579,0.5511211156845093,0.6410136222839355,0.3653858006000519,0.4055057466030121,0.43661779165267944,0.3691309690475464,0.36883223056793213,0.40483853220939636
0.03448275849223137,0.17134715616703033,0.12595510482788086,0.24605712294578552,0.24419346451759338,0.19386890530586243,0.21426700055599213,0.20985957980155945,0.19941364228725433
