Target,Mean,Nearest with target,Min loss 1,Min loss 2,Min loss 3,Optimized min loss 1,Optimized min loss 2,Optimized min loss 3
0.20000000298023224,0.36442962288856506,0.1523391306400299,0.1523391306400299,0.18077242374420166,0.19608424603939056,0.12690584361553192,0.15268531441688538,0.16418437659740448
1.0,0.30517610907554626,0.49120575189590454,0.49120575189590454,0.44809699058532715,0.4282281696796417,0.469171404838562,0.4539439082145691,0.4498075544834137
